"Data Source","World Development Indicators",

"Last Updated Date","2026-01-28",

"Country Name","Country Code","Indicator Name","Indicator Code","1960","1961","1962","1963","1964","1965","1966","1967","1968","1969","1970","1971","1972","1973","1974","1975","1976","1977","1978","1979","1980","1981","1982","1983","1984","1985","1986","1987","1988","1989","1990","1991","1992","1993","1994","1995","1996","1997","1998","1999","2000","2001","2002","2003","2004","2005","2006","2007","2008","2009","2010","2011","2012","2013","2014","2015","2016","2017","2018","2019","2020","2021","2022","2023","2024",
"Aruba","ABW","Contraceptive prevalence, any method (% of married women ages 15-49)","SP.DYN.CONU.ZS","","","","","","","","","","","","","","","","","","","","","","","","","","","","","","","","","","","","","","","","","","","","","","","","","","","","","","","","","","","","","","","","","",
"Africa Eastern and Southern","AFE","Contraceptive prevalence, any method (% of married women ages 15-49)","SP.DYN.CONU.ZS","","","","","","","","","","","","","","","","","","","","","","","","","","","","","","","18.9518523638808","","","","","","","","","","26.8959141321062","","","","","","","","","","28.5702264837485","","","","","","","","","","","40.3367191233128","","","",
"Afghanistan","AFG","Contraceptive prevalence, any method (% of married women ages 15-49)","SP.DYN.CONU.ZS","","","","","","","","","","","","","","","","","","","","","","","","","","","","","","","","","","","","","","","","","5.3","","","10.3","","13.6","18.6","","22.8","","21.8","21.23950997","","","","22.5","","","","","","","","","",
"Africa Western and Central","AFW","Contraceptive prevalence, any method (% of married women ages 15-49)","SP.DYN.CONU.ZS","","","","","","","","","","","","","","","","","","","","","","","","","","","","","","","8.06183247987089","","","","","","","","","","15.4013364032292","","","","","","","","","","17.7950390887592","","","","","","","","","","","22.6741279686712","","","",
"Angola","AGO","Contraceptive prevalence, any method (% of married women ages 15-49)","SP.DYN.CONU.ZS","","","","","","","","","","","","","","","","","","","","","","","","","","","","","","","","","","","","","8.1","","","","","6.270998417","","","","","","","","20","","","","","","","13.7","","","","","","","","",
"Albania","ALB","Contraceptive prevalence, any method (% of married women ages 15-49)","SP.DYN.CONU.ZS","","","","","","","","","","","","","","","","","","","","","","","","","","","","","","","","","","","","","","","","","57.54509792","","75.1","","","60.12268719","","","","69.3","","","","","","","","","46","","","","","","",
"Andorra","AND","Contraceptive prevalence, any method (% of married women ages 15-49)","SP.DYN.CONU.ZS","","","","","","","","","","","","","","","","","","","","","","","","","","","","","","","","","","","","","","","","","","","","","","","","","","","","","","","","","","","","","","","","","",
"Arab World","ARB","Contraceptive prevalence, any method (% of married women ages 15-49)","SP.DYN.CONU.ZS","","","","","","","","","","","","","","","","","","","","","","","","","","","","","","","35.6269205111435","","","","","","","","","","45.0878380156765","","","","","","","","","","51.3225923485534","","","","","","","","","","","","","","",
"United Arab Emirates","ARE","Contraceptive prevalence, any method (% of married women ages 15-49)","SP.DYN.CONU.ZS","","","","","","","","","","","","","","","","","","","","","","","","","","","","","","","","","","","","27.5","","","","","","","","","","","","","","","","","","","","","","","","","","","","","",
"Argentina","ARG","Contraceptive prevalence, any method (% of married women ages 15-49)","SP.DYN.CONU.ZS","","","","","","","","","","","","","","","","","","","","","","","","","","","","","","","","","","","","","","","","","","","","","","","","","","","","","","72.3702102000994","","","","","","","70.1027087175867","","","","",
"Armenia","ARM","Contraceptive prevalence, any method (% of married women ages 15-49)","SP.DYN.CONU.ZS","","","","","","","","","","","","","","","","","","","","","","","","","","","","","","","","56","","","","","","","","","60.5","","","","","53.1","","","","","54.9","","","","","57.1491968847188","57.1","","","","","","","","",
"American Samoa","ASM","Contraceptive prevalence, any method (% of married women ages 15-49)","SP.DYN.CONU.ZS","","","","","","","","","","","","","","","","","","","","","","","","","","","","","","","","","","","","","","","","","","","","","","","","","","","","","","","","","","","","","","","","","",
"Antigua and Barbuda","ATG","Contraceptive prevalence, any method (% of married women ages 15-49)","SP.DYN.CONU.ZS","","","","","","","","","","","","","","","","","","","","","","48.2","","","","","","","52.6","","","","","","","","","","","","","","","","","","","","","","","","","","","","","","","","","","","","",
"Australia","AUS","Contraceptive prevalence, any method (% of married women ages 15-49)","SP.DYN.CONU.ZS","","","","","","","","","","","","","","","","","","","","","","","","","","","76.0999999999999","","","","","","","","","","","","","","","","","","","","65.162","","","61.96","","","67.75","","","","66.93","","","","","","","","",
"Austria","AUT","Contraceptive prevalence, any method (% of married women ages 15-49)","SP.DYN.CONU.ZS","","","","","","","","","","","","","","","","","","","","","","","","","","","","","","","","","","","","","51.0307941070787","","","","","","","","","","","","","69.5999999999999","","","","65.6525747141987","","","","","","","","","","","",
"Azerbaijan","AZE","Contraceptive prevalence, any method (% of married women ages 15-49)","SP.DYN.CONU.ZS","","","","","","","","","","","","","","","","","","","","","","","","","","","","","","","","","","","","","","","","","55.0748363","55.4","","","","","51.1","","","","","54.9","","","","","","","","","","","","","",
"Burundi","BDI","Contraceptive prevalence, any method (% of married women ages 15-49)","SP.DYN.CONU.ZS","","","","","","","","","","","","","","","","","","","","","","","","","","","","8.7","","","","","","","","","","","","","15.68627451","","20","","","9.107053278","","","","22.7","21.9","","31.7","","","","28.5443378957827","28.5","","","","","","","",
"Belgium","BEL","Contraceptive prevalence, any method (% of married women ages 15-49)","SP.DYN.CONU.ZS","","","","","","","72","","","","","","","","","","87","","","","","","","81","","","","","","","","","78.3864461476402","","","","","","","","","","","","","","","","","","73.7","","","66.7531663383057","","","","","66.7","","","","","","",
"Benin","BEN","Contraceptive prevalence, any method (% of married women ages 15-49)","SP.DYN.CONU.ZS","","","","","","","","","","","","","","","","","","","","","","","6.6","","","","","","","","","","","","","","16.4","","","","","18.6","","","","","17","","","","","","12.9","","17.86317125","","","","15.5","","","","22.4","","",
"Burkina Faso","BFA","Contraceptive prevalence, any method (% of married women ages 15-49)","SP.DYN.CONU.ZS","","","","","","","","","","","","","","","","","","","","","","","","","","","","","","","","","","24.9","","","","","","11.9","","","","13.8","","","17.47090032","","","","16.2","","","","18.4027244222173","21.2255711763823","25.3518966327923","25.7148818498789","","32.5079672864091","29.6316269868584","33.8","33.9627403568433","","",
"Bangladesh","BGD","Contraceptive prevalence, any method (% of married women ages 15-49)","SP.DYN.CONU.ZS","","","","","","","","","","","","","","","","","7.9","","","","12.1","18.6","","","19.1","","25.3","","","31.4","","39.9","","","44.9","","","49.8","","","54.3","50.2","","","58.5","","","55.8","","","","61.2","","61.75754302","62.4","","62.8","","61.9","62.7017699496291","","","64","","",
"Bulgaria","BGR","Contraceptive prevalence, any method (% of married women ages 15-49)","SP.DYN.CONU.ZS","","","","","","","","","","","","","","","","","75.1","","","","","","","","","","","","","","","","","","","85.9","","","63.4","","","","","","","64.4","","70.1","","","","","","","","","","","","","","","","","",
"Bahrain","BHR","Contraceptive prevalence, any method (% of married women ages 15-49)","SP.DYN.CONU.ZS","","","","","","","","","","","","","","","","","","","","","","","","","","","","","","53.8","","","","","","61.8","","","","","53.4","","","","","","","","","","","","","","","","","","","","","","","","",
"Bahamas, The","BHS","Contraceptive prevalence, any method (% of married women ages 15-49)","SP.DYN.CONU.ZS","","","","","","","","","","","","","","","","","","","","","","","","","","","","","61.73","","","","","","","","","","","","","","","","","","","","","","","","","","","","","","","","","","","","",
"Bosnia and Herzegovina","BIH","Contraceptive prevalence, any method (% of married women ages 15-49)","SP.DYN.CONU.ZS","","","","","","","","","","","","","","","","","","","","","","","","","","","","","","","","","","","","","","","","","47.45555943","","","","","","35.7088405","","","","","","46.01743031","","","","","","","","","","","","",
"Belarus","BLR","Contraceptive prevalence, any method (% of married women ages 15-49)","SP.DYN.CONU.ZS","","","","","","","","","","","","","","","","","","","","","","","","","","","","","","","","","","","","50.4","","","","","","","","","","72.60969384","","","","","","","63.05790059","","","","","71.15","","52.6","","","","","",
"Belize","BLZ","Contraceptive prevalence, any method (% of married women ages 15-49)","SP.DYN.CONU.ZS","","","","","","","","","","","","","","","","","","","","","","","","","","","","","","","","46.871788148925","","","","","","","","56.1","","","","","","","","","","","","55.15686025","","","","","51.3596636","","","","","","","","",
"Bermuda","BMU","Contraceptive prevalence, any method (% of married women ages 15-49)","SP.DYN.CONU.ZS","","","","","","","","","","","","","","","","","","","","","","","","","","","","","","","","","","","","","","","","","","","","","","","","","","","","","","","","","","","","","","","","","",
"Bolivia","BOL","Contraceptive prevalence, any method (% of married women ages 15-49)","SP.DYN.CONU.ZS","","","","","","","","","","","","","","","","","","","","","","","","","","","","","","30.3","","","","","45.3","","","","48.3","","53.43939386","","","58.4","","","","","60.6","","","","","","","","66.5","","","","","","","","",
"Brazil","BRA","Contraceptive prevalence, any method (% of married women ages 15-49)","SP.DYN.CONU.ZS","","","","","","","","","","","","","","","","","","","","","","","","","","","66.2","","","","","","","","","","76.7","","","","","","","","","","","80.6","","","","","","80.2004995714604","","","","","","","","","","","",
"Barbados","BRB","Contraceptive prevalence, any method (% of married women ages 15-49)","SP.DYN.CONU.ZS","","","","","","","","","","","","","","","","","","","","","","46.5433490884538","","","","","","","55","","","","","","","","","","","","","","","","","","","","","","","","59.20685012","","","","","","","","","","","","",
"Brunei Darussalam","BRN","Contraceptive prevalence, any method (% of married women ages 15-49)","SP.DYN.CONU.ZS","","","","","","","","","","","","","","","","","","","","","","","","","","","","","","","","","","","","","","","","","","","","","","","","","","","","","","","","","","","","","","","","","",
"Bhutan","BTN","Contraceptive prevalence, any method (% of married women ages 15-49)","SP.DYN.CONU.ZS","","","","","","","","","","","","","","","","","","","","","","","","","","","","","","","","","","","","","","","","","30.7","","","","","","","","","","65.60409679","","","","","","","","","","","","","","",
"Botswana","BWA","Contraceptive prevalence, any method (% of married women ages 15-49)","SP.DYN.CONU.ZS","","","","","","","","","","","","","","","","","","","","","","","","","19.3","","","","33","","","","","","","","47.2055441661467","","","","44.4","","","","","","","69.7","","","","","","","","","","67.4","","","","","","","",
"Central African Republic","CAF","Contraceptive prevalence, any method (% of married women ages 15-49)","SP.DYN.CONU.ZS","","","","","","","","","","","","","","","","","","","","","","","","","","","","","","","","","","","","14.8","","","","","27.94274232","","","","","","19.01581185","","","","15.18044076","","","","","","","","","17.8","","","","","",
"Canada","CAN","Contraceptive prevalence, any method (% of married women ages 15-49)","SP.DYN.CONU.ZS","","","","","","","","","","","","","","","","","","","","","","","","","73.1","","","","","","","","","","","74.714407","","","80","","","","","","","","","","","","","","","","","","","","","","","","","","",
"Central Europe and the Baltics","CEB","Contraceptive prevalence, any method (% of married women ages 15-49)","SP.DYN.CONU.ZS","","","","","","","","","","","","","","","","","","","","","","","","","","","","","","","","","","","","","","","","","","","","","","","","","","","","","","","","","","","","","","","","","",
"Switzerland","CHE","Contraceptive prevalence, any method (% of married women ages 15-49)","SP.DYN.CONU.ZS","","","","","","","","","","","","","","","","","","","","","71.2","","","","","","","","","","","","","","","82.0075056097449","","","","","","","","","","","","","","","","","72.9594","","","","","71.6","","","","","","","",
"Channel Islands","CHI","Contraceptive prevalence, any method (% of married women ages 15-49)","SP.DYN.CONU.ZS","","","","","","","","","","","","","","","","","","","","","","","","","","","","","","","","","","","","","","","","","","","","","","","","","","","","","","","","","","","","","","","","","",
"Chile","CHL","Contraceptive prevalence, any method (% of married women ages 15-49)","SP.DYN.CONU.ZS","","","","","","","","","","","","","","","","","","","","","","","","","","","","","","","","","","","","","","","","","","","","","","","64.2","","","","","","","","","","76.2635245751857","","","","","","","","",
"China","CHN","Contraceptive prevalence, any method (% of married women ages 15-49)","SP.DYN.CONU.ZS","","","","","","","","","","","","","","","","","","","","","","","","","","","","","","","","","","","","","","83.8","","","","86.9","","","","","84.6","","","","","","","","","","","84.5","","","","","","","",
"Cote d'Ivoire","CIV","Contraceptive prevalence, any method (% of married women ages 15-49)","SP.DYN.CONU.ZS","","","","","","","","","","","","","","","","","","","","","","2.9","","","","","","","","","","","","","11.4","","","","","15","","","","","","","14.60509609","","","","","","18.2","","","","15.49988895","22.2671897514271","21.4880612405033","","25.5373304407527","21","31.9711571456027","","",
"Cameroon","CMR","Contraceptive prevalence, any method (% of married women ages 15-49)","SP.DYN.CONU.ZS","","","","","","","","","","","","","","","","","","","2.2","","","","","","","","","","","","","16.1","","","","","","","19.3","","25.2052697293789","","","","26","","29.20094465","","","","","23.4","","","34.34239566","","","","19.3","","","","","","",
"Congo, Dem. Rep.","COD","Contraceptive prevalence, any method (% of married women ages 15-49)","SP.DYN.CONU.ZS","","","","","","","","","","","","","","","","","","","","","","","","","15.4","","","","","","","7.7","","","","","","","","","","31.38955226","","","","","","20.6","","","17.72319667","","","","20.4","","","","28.1286863587728","","","","","","",
"Congo, Rep.","COG","Contraceptive prevalence, any method (% of married women ages 15-49)","SP.DYN.CONU.ZS","","","","","","","","","","","","","","","","","","","","","","","","","","","","","","","","","","","","","","","","","","","","","","44.3","","","","","","","44.7","","","30.11949285","","","","","","","","","",
"Colombia","COL","Contraceptive prevalence, any method (% of married women ages 15-49)","SP.DYN.CONU.ZS","","","","","","","","","","20.5","","","","","","","42.5","","","","48.5","","","","","","64.8","","","","66.1","","","","","72.2","","","","","76.9","","","","","78.2","","","","","79.1","","","","","81","","","","","","","","","",
"Comoros","COM","Contraceptive prevalence, any method (% of married women ages 15-49)","SP.DYN.CONU.ZS","","","","","","","","","","","","","","","","","","","","","","","","","","","","","","","","","","","","","21","","","","25.83913184","","","","","","","","","","","","19.4","","","","","","","","","","11.6","","",
"Cabo Verde","CPV","Contraceptive prevalence, any method (% of married women ages 15-49)","SP.DYN.CONU.ZS","","","","","","","","","","","","","","","","","","","","","","","","","","","","","","23.8","","","","","","","","","52.9","","","","","","","61.3","","","","","","","","","","","","","55.8","","","","","","",
"Costa Rica","CRI","Contraceptive prevalence, any method (% of married women ages 15-49)","SP.DYN.CONU.ZS","","","","","","","","","","","","","","","","","64.4","","63.5","","","65.2","","","","","69","","","","","","","75","","","","","","80","","","","","","","","","","","82.1","76.2477885","","","","77.8","","","70.9","","","","","","",
"Caribbean small states","CSS","Contraceptive prevalence, any method (% of married women ages 15-49)","SP.DYN.CONU.ZS","","","","","","","","","","","","","","","","","","","","","","","","","","","","","","","","","","","","","","","","","40.0206067483948","","","","","","","","","","45.5154391030108","","","","","","","","","","","","","","",
"Cuba","CUB","Contraceptive prevalence, any method (% of married women ages 15-49)","SP.DYN.CONU.ZS","","","","","","","","","","","","","","","","","","","","","","","","","","","","70","","","","","","","","","","","","","73.3","","","","","","","","","","","74.31548663","","","73.71987482","","","","","69.0951384694291","","","62.1","","",
"Curacao","CUW","Contraceptive prevalence, any method (% of married women ages 15-49)","SP.DYN.CONU.ZS","","","","","","","","","","","","","","","","","","","","","","","","","","","","","","","","","","","","","","","","","","","","","","","","","","","","","","","","","","","","","","","","","",
"Cayman Islands","CYM","Contraceptive prevalence, any method (% of married women ages 15-49)","SP.DYN.CONU.ZS","","","","","","","","","","","","","","","","","","","","","","","","","","","","","","","","","","","","","","","","","","","","","","","","","","","","","","","","","","","","","","","","","",
"Cyprus","CYP","Contraceptive prevalence, any method (% of married women ages 15-49)","SP.DYN.CONU.ZS","","","","","","","","","","","","","","","","","","","","","","","","","","","","","","","","","","","","","","","","","","","","","","","","","","","","","","","","","","","","","","","","","",
"Czechia","CZE","Contraceptive prevalence, any method (% of married women ages 15-49)","SP.DYN.CONU.ZS","","","","","","","","","","","66","","","","","","","","","","","","","","","","","","","","","","","68.9","","","","72.3","","","","","","","","78.2","","","86.3","","","","","","","","","","","","","","","","",
"Germany","DEU","Contraceptive prevalence, any method (% of married women ages 15-49)","SP.DYN.CONU.ZS","","","","","","","","","","","70.0833333333333","","82.1768283174801","","","","","","","","","","","","","77.9","","","","","","","69.955512696882","","","","","","","","","","","","","68.4","","","50.4","","","80.3","","","","","","","","","","","","","",
"Djibouti","DJI","Contraceptive prevalence, any method (% of married women ages 15-49)","SP.DYN.CONU.ZS","","","","","","","","","","","","","","","","","","","","","","","","","","","","","","","","","","","","","","","","","","","9","","","","17.83382615","","","","","","19","","","","","","","","","","","","",
"Dominica","DMA","Contraceptive prevalence, any method (% of married women ages 15-49)","SP.DYN.CONU.ZS","","","","","","","","","","","","","","","","","","","","","","62.3","","","","","","49.8","","","","","","","","","","","","","","","","","","","","","","","","","","","","","","","","","","","","","",
"Denmark","DNK","Contraceptive prevalence, any method (% of married women ages 15-49)","SP.DYN.CONU.ZS","","","","","","","","","","","67","","","","","63","","","","","","","","","","","","","","","","","","76.5","","","","","","","","","","","","","","","","","","","","","","","","","","","","","","","",
"Dominican Republic","DOM","Contraceptive prevalence, any method (% of married women ages 15-49)","SP.DYN.CONU.ZS","","","","","","","","","","","","","","","","31.8","","","","","42","","","39.3","","","49.8","","","","","56.4","","","","","63.7","","","69.2","64.68122506","","69.8","","","","61.3","72.9","","","73","","","71.9","69.50153139","","","","","62.7779892966591","","","","","",
"Algeria","DZA","Contraceptive prevalence, any method (% of married women ages 15-49)","SP.DYN.CONU.ZS","","","","","","","","","","","","","","","","","","","","","","","","","","","","35.8","","","","","50.7","","","56.9","","","","","64","","57","","","","61.4","","","","","","","57.12173594","","","","","","53.6","","","","","",
"East Asia & Pacific (excluding high income)","EAP","Contraceptive prevalence, any method (% of married women ages 15-49)","SP.DYN.CONU.ZS","","","","","","","","","","","","","","","","","","","","","","","","","","","","","","","","","","","","","","","","","78.4164750039278","","","","","","","","","","","","","","","","","","","","","","","","",
"Early-demographic dividend","EAR","Contraceptive prevalence, any method (% of married women ages 15-49)","SP.DYN.CONU.ZS","","","","","","","","","","","","","","","","","","","","","","","","","","","","","","","42.7440840717121","","","","","","","","","","48.0155030574695","","","","","","","","","","55.689655600042","","","","","","","","","","","60.4597569163231","","","",
"East Asia & Pacific","EAS","Contraceptive prevalence, any method (% of married women ages 15-49)","SP.DYN.CONU.ZS","","","","","","","","","","","","","","","","","","","","","","","","","","","","","","","","","","","","","","","","","77.3460999846772","","","","","","","","","","","","","","","","","","","","","","","","",
"Europe & Central Asia (excluding high income)","ECA","Contraceptive prevalence, any method (% of married women ages 15-49)","SP.DYN.CONU.ZS","","","","","","","","","","","","","","","","","","","","","","","","","","","","","","","","","","","","","","","","","63.7426726847591","","","","","","","","","","62.7176811773269","","","","","","","","","","","61.6340665772539","","","",
"Europe & Central Asia","ECS","Contraceptive prevalence, any method (% of married women ages 15-49)","SP.DYN.CONU.ZS","","","","","","","","","","","","","","","","","","","","","","","","","","","","","","","","","","","","","","","","","","","","","","","","","","","69.0479397208787","","","","","","","","","","","","","","",
"Ecuador","ECU","Contraceptive prevalence, any method (% of married women ages 15-49)","SP.DYN.CONU.ZS","","","","","","","","","","","","","","","","","","","","35","","","39.2","","","","","44.3","","52.9","","","","","56.8","","","","","66.3","","","","","72.7","","","","","","","","80.1","","74.7006683049229","","","","77.8500417459495","","","","","","",
"Egypt, Arab Rep.","EGY","Contraceptive prevalence, any method (% of married women ages 15-49)","SP.DYN.CONU.ZS","","","","","","","","","","","","","","","","24.9","","","","","31.4","","","","30.3","","","","37.8","","","47.6","47.1","","","47.9","","54.5","51.8","","56.1","","","60","","59.2","","","60.3","","","","","","58.5","","","","","","","","","","",
"Euro area","EMU","Contraceptive prevalence, any method (% of married women ages 15-49)","SP.DYN.CONU.ZS","","","","","","","","","","","","","","","","","","","","","","","","","","","","","","","","","","","","","","","","","","","","","","","","","","","76.2272486208853","","","","","","","","","","","","","","",
"Eritrea","ERI","Contraceptive prevalence, any method (% of married women ages 15-49)","SP.DYN.CONU.ZS","","","","","","","","","","","","","","","","","","","","","","","","","","","","","","","","","","","","8","","","","","","","8","","","","","","","","8.7","","","","","","","","","","","","","","",
"Spain","ESP","Contraceptive prevalence, any method (% of married women ages 15-49)","SP.DYN.CONU.ZS","","","","","","","","","","","","","","","","","","47.1","","","","","","","","62.141894","","","","","","","","","","81.1","","","","71.9187","","","","","","","65.7","","","70.0949735821081","","","","","","","","","62.0757","","","","","","",
"Estonia","EST","Contraceptive prevalence, any method (% of married women ages 15-49)","SP.DYN.CONU.ZS","","","","","","","","","","","","","","","","","","","","","","","","","","","","","","","","","","","61.1422511118714","","","","","","","","","","","63.4","66.716939234148","","","","64.1190491491065","","","","75.0978731759999","","","","","","","","","","",
"Ethiopia","ETH","Contraceptive prevalence, any method (% of married women ages 15-49)","SP.DYN.CONU.ZS","","","","","","","","","","","","","","","","","","","","","","","","","","","","","","","4.8","","","","","","","3.3","","","8.1","","","","","14.7","","","","","","28.6","","","42","36.9015173518834","35.9","36.2869662786329","40.0000610107691","41.4","37.7","36.0705648652283","","","",
"European Union","EUU","Contraceptive prevalence, any method (% of married women ages 15-49)","SP.DYN.CONU.ZS","","","","","","","","","","","","","","","","","","","","","","","","","","","","","","","","","","","","","","","","","","","","","","","","","","","72.6131537530444","","","","","","","","","","","","","","",
"Fragile and conflict affected situations","FCS","Contraceptive prevalence, any method (% of married women ages 15-49)","SP.DYN.CONU.ZS","","","","","","","","","","","","","","","","","","","","","","","","","","","","","","","","","","","","","","","","","28.5647424245271","","","","","","","","","","29.1097483551933","","","","","","","","","","","","","","",
"Finland","FIN","Contraceptive prevalence, any method (% of married women ages 15-49)","SP.DYN.CONU.ZS","","","","","","","","","","","","","","","","","","","","","","","","","","","","","","","77.4222182596291","","78.8461538461538","","","","","","","79.4701986754967","","","","","","","","74.2222222222222","","","","","","","","85.4748603351955","","","","","","","","","",
"Fiji","FJI","Contraceptive prevalence, any method (% of married women ages 15-49)","SP.DYN.CONU.ZS","","","","","","","","","","","","","","","40.9","","","","","","","","","","","","","","","","","","","","","","","","","","","","","","","","","","","","","","","","","","","","","","","35.4","","","",
"France","FRA","Contraceptive prevalence, any method (% of married women ages 15-49)","SP.DYN.CONU.ZS","","","","","","","","","","","","","","","","","","","78.7","","","","","","","","","","81.2","","","","","","74.6","","","","","","","","","","","76.5999999999999","","","75","","78.4","","","","","","","","","","","","","","",
"Faroe Islands","FRO","Contraceptive prevalence, any method (% of married women ages 15-49)","SP.DYN.CONU.ZS","","","","","","","","","","","","","","","","","","","","","","","","","","","","","","","","","","","","","","","","","","","","","","","","","","","","","","","","","","","","","","","","","",
"Micronesia, Fed. Sts.","FSM","Contraceptive prevalence, any method (% of married women ages 15-49)","SP.DYN.CONU.ZS","","","","","","","","","","","","","","","","","","","","","","","","","","","","","","","","","","","","","","","","","","","","","","","","","","","","","","","","","","","","","","","","","",
"Gabon","GAB","Contraceptive prevalence, any method (% of married women ages 15-49)","SP.DYN.CONU.ZS","","","","","","","","","","","","","","","","","","","","","","","","","","","","","","","","","","","","","","","","","32.7","","","","","","","","","","","","31.1","","","","","","","","","24.8","","","",
"United Kingdom","GBR","Contraceptive prevalence, any method (% of married women ages 15-49)","SP.DYN.CONU.ZS","","","","","","","","","","","","","","","","","","","","","","","","","","","81","","","","","","","82","","","","","83","76","80","87.7","","84","84","82","82","","","84","","","76.1","","","","","","","","","","","","",
"Georgia","GEO","Contraceptive prevalence, any method (% of married women ages 15-49)","SP.DYN.CONU.ZS","","","","","","","","","","","","","","","","","","","","","","","","","","","","","","","","","","","","","","","","40.5","","","","","","31.54265452","45.9","","","32.2","53.4","","","","","","","","39.25737653","","","","","","",
"Ghana","GHA","Contraceptive prevalence, any method (% of married women ages 15-49)","SP.DYN.CONU.ZS","","","","","","","","","","","","","","","","","","","","","9.5","","","","","","","","12.9","","","","","20.3","","","","","22","","","","","25.2","","","16.63177256","","23.5","","","34.69978307","","19.5699501268415","26.7","32.8821925534908","28.1963990081464","30.8","27.2444255990948","","","","36.3","","",
"Gibraltar","GIB","Contraceptive prevalence, any method (% of married women ages 15-49)","SP.DYN.CONU.ZS","","","","","","","","","","","","","","","","","","","","","","","","","","","","","","","","","","","","","","","","","","","","","","","","","","","","","","","","","","","","","","","","","",
"Guinea","GIN","Contraceptive prevalence, any method (% of married women ages 15-49)","SP.DYN.CONU.ZS","","","","","","","","","","","","","","","","","","","","","","","","","","","","","","","","","1.7","","","","","","","6.2","","","","","","9.1","","","","","","","5.6","","","","8.64023074","","10.9","","","","","","",
"Gambia, The","GMB","Contraceptive prevalence, any method (% of married women ages 15-49)","SP.DYN.CONU.ZS","","","","","","","","","","","","","","","","","","","","","","","","","","","","","","","11.8","","","","","","","","","","9.491894989","17.5","","","","","","","","","13.28850913","","","9","","","","","16.68179131","","18.9","","","","",
"Guinea-Bissau","GNB","Contraceptive prevalence, any method (% of married women ages 15-49)","SP.DYN.CONU.ZS","","","","","","","","","","","","","","","","","","","","","","","","","","","","","","","","","","","","","","","","","7.643502113","","","","","","10.2696058","","","","14.2","","","","15.96114322","","","","","21.201503046269","","","","","",
"Equatorial Guinea","GNQ","Contraceptive prevalence, any method (% of married women ages 15-49)","SP.DYN.CONU.ZS","","","","","","","","","","","","","","","","","","","","","","","","","","","","","","","","","","","","","","","","","8.633404324","","","","","","","","","","","12.6","","","","","","","","","","","","","",
"Greece","GRC","Contraceptive prevalence, any method (% of married women ages 15-49)","SP.DYN.CONU.ZS","","","","","","","","","","","","","","","","","","","","","","","","","","","","","","","","","","","","","","","","61.3","","","","","","","","","","","","","","","","","","","","","","","","","",
"Grenada","GRD","Contraceptive prevalence, any method (% of married women ages 15-49)","SP.DYN.CONU.ZS","","","","","","","","","","","","","","","","","","","","","","","","","","31","","","","","54.3","","","","","","","","","","","","","","","","","","","","","","","","","","","","","","","","","","",
"Greenland","GRL","Contraceptive prevalence, any method (% of married women ages 15-49)","SP.DYN.CONU.ZS","","","","","","","","","","","","","","","","","","","","","","","","","","","","","","","","","","","","","","","","","","","","","","","","","","","","","","","","","","","","","","","","","",
"Guatemala","GTM","Contraceptive prevalence, any method (% of married women ages 15-49)","SP.DYN.CONU.ZS","","","","","","","","","","","","","","","","","","","18.2","","","","","25","","","","23.2","","","","","","","","31.4","","","","38.2","","","43.3","","","","","","","54.1","","","","","","60.6","","","","","","","","","",
"Guam","GUM","Contraceptive prevalence, any method (% of married women ages 15-49)","SP.DYN.CONU.ZS","","","","","","","","","","","","","","","","","","","","","","","","","","","","","","","","","","","","","","","","","","","","","","","","","","","","","","","","","","","","","","","","","",
"Guyana","GUY","Contraceptive prevalence, any method (% of married women ages 15-49)","SP.DYN.CONU.ZS","","","","","","","","","","","","","","","","29.5","","","","","","","","","","","","","","","","","38.2","","","","","","","","37.29240488","","","","","34.6","","34.16822215","","42.5","","","","","33.89188879","","","","","","29.8771395174816","","","","",
"High income","HIC","Contraceptive prevalence, any method (% of married women ages 15-49)","SP.DYN.CONU.ZS","","","","","","","","","","","","","","","","","","","","","","","","","","","","","","","","","","","","","","","","","","","","","","","","","","","73.4535573934201","","","","","","","","","","","","","","",
"Hong Kong SAR, China","HKG","Contraceptive prevalence, any method (% of married women ages 15-49)","SP.DYN.CONU.ZS","","","","","","","","42","","","","","49.6","","","","","71.9","","","","","72.3","","","","","80.8","","","","","86","","","","","86","","","","","84","","","","","79.5","","","","","74.8","","","","","66.7","","","","","","","",
"Honduras","HND","Contraceptive prevalence, any method (% of married women ages 15-49)","SP.DYN.CONU.ZS","","","","","","","","","","","","","","","","","","","","","","26.9","","","34.9","","","40.6","","","","","46.7","","","","49.2","","","","","61.7749392182532","","","","","65.2","","","","","","73.2","","","","","","","69.3736806153714","","","","","",
"Heavily indebted poor countries (HIPC)","HPC","Contraceptive prevalence, any method (% of married women ages 15-49)","SP.DYN.CONU.ZS","","","","","","","","","","","","","","","","","","","","","","","","","","","","","","","10.9565683382106","","","","","","","","","","19.11788445831","","","","","","","","","","25.4406211942886","","","","","","","","","","","33.1854887980854","","","",
"Croatia","HRV","Contraceptive prevalence, any method (% of married women ages 15-49)","SP.DYN.CONU.ZS","","","","","","","","","","","","","","","","","","","","","","","","","","","","","","","","","","","","","","","","","","","","","","","","","","","","","","","","","","","","","","","","","",
"Haiti","HTI","Contraceptive prevalence, any method (% of married women ages 15-49)","SP.DYN.CONU.ZS","","","","","","","","","","","","","","","","","","18.9","","","","","","6.9","","","","6.7","","10.2","","","","","","18","","","","","28.1","","","","","","32","","","","","","34.5","","","","","34.3","","","","","","","",
"Hungary","HUN","Contraceptive prevalence, any method (% of married women ages 15-49)","SP.DYN.CONU.ZS","","","","","","","66.5999999999999","","","67","","","73","","74","76","","73.1","","","","","","","","","73.0999999999999","","","","","","","80.6847782963478","","","","","","","","","","","","","","","","61.8","","","","","","","","","","","","","","","",
"IBRD only","IBD","Contraceptive prevalence, any method (% of married women ages 15-49)","SP.DYN.CONU.ZS","","","","","","","","","","","","","","","","","","","","","","","","","","","","","","","","","","","","","","","","","67.228118087584","","","","","","","","","","","","","","","","","","","","","","","","",
"IDA & IBRD total","IBT","Contraceptive prevalence, any method (% of married women ages 15-49)","SP.DYN.CONU.ZS","","","","","","","","","","","","","","","","","","","","","","","","","","","","","","","","","","","","","","","","","58.9446582004583","","","","","","","","","","52.0649568086871","","","","","","","","","","","","","","",
"IDA total","IDA","Contraceptive prevalence, any method (% of married women ages 15-49)","SP.DYN.CONU.ZS","","","","","","","","","","","","","","","","","","","","","","","","","","","","","","","16.7833224818517","","","","","","","","","","29.395799129893","","","","","","","","","","32.1685013345535","","","","","","","","","","","38.4180746700671","","","",
"IDA blend","IDB","Contraceptive prevalence, any method (% of married women ages 15-49)","SP.DYN.CONU.ZS","","","","","","","","","","","","","","","","","","","","","","","","","","","","","","","12.5602700979628","","","","","","","","","","27.5198857665311","","","","","","","","","","27.0915461975696","","","","","","","","","","","33.1859257572621","","","",
"Indonesia","IDN","Contraceptive prevalence, any method (% of married women ages 15-49)","SP.DYN.CONU.ZS","","","","","","","","","","","","","","8.6","","","26.3","","","31.2","","","","","","38.5162411056911","","47.7","","","","49.7","","53.1","54.7","54.2","54.2","57.4","55.4","55.4","54.8","52.5","54.2","60.3","56.7","57.9","57.9","61.4","56.6","60.6","61","61.3","61.9","62","61.6","60","59.4","63.6","","52.5","52.7","51.9","52.4","52.6","",
"IDA only","IDX","Contraceptive prevalence, any method (% of married women ages 15-49)","SP.DYN.CONU.ZS","","","","","","","","","","","","","","","","","","","","","","","","","","","","","","","19.2979542311046","","","","","","","","","","30.4168861440173","","","","","","","","","","35.0878146562125","","","","","","","","","","","41.9182263384032","","","",
"Isle of Man","IMN","Contraceptive prevalence, any method (% of married women ages 15-49)","SP.DYN.CONU.ZS","","","","","","","","","","","","","","","","","","","","","","","","","","","","","","","","","","","","","","","","","","","","","","","","","","","","","","","","","","","","","","","","","",
"India","IND","Contraceptive prevalence, any method (% of married women ages 15-49)","SP.DYN.CONU.ZS","","","","","","","","","","","","13.6","","","","","","","","","","35.3","","","","","","","44.9","","","","","40.7","","","","","","48.2","46.9","","","","53","54.4","56.3","","54.8","","","","","","","","53.5","","","","","66.7","","","",
"Not classified","INX","Contraceptive prevalence, any method (% of married women ages 15-49)","SP.DYN.CONU.ZS","","","","","","","","","","","","","","","","","","","","","","","","","","","","","","","","","","","","","","","","","","","","","","","","","","","","","","","","","","","","","","","","","",
"Ireland","IRL","Contraceptive prevalence, any method (% of married women ages 15-49)","SP.DYN.CONU.ZS","","","","","","","","","","","","","","","","","","","","","","","","","","","","","","","","","","","","","","","","","","","","","73.6904761904762","64.8","","","","","73.2626619552415","","","","","","","","","","","","","","",
"Iran, Islamic Rep.","IRN","Contraceptive prevalence, any method (% of married women ages 15-49)","SP.DYN.CONU.ZS","","","","","","","","","","","","","","","","","","36","","","","","","","","","","","","48.9","","","64.5999999999999","67.8","70","72.8","73.7","72.9","","","73.8","","73.3396764985728","","","","","","","","77.4","","","","","","","","","","","","","","",
"Iraq","IRQ","Contraceptive prevalence, any method (% of married women ages 15-49)","SP.DYN.CONU.ZS","","","","","","","","","","","","","","","14.5","","","","","","","","","","","","","","","13.7","","","","","","","","","","","43.52311187","","","","","","49.84756674","","","","","52.45781096","","","","","","","52.78881501","","","","","","",
"Iceland","ISL","Contraceptive prevalence, any method (% of married women ages 15-49)","SP.DYN.CONU.ZS","","","","","","","","","","","","","","","","","","","","","","","","","","","","","","","","","","","","","","","","","","","","","","","","","","","","","","","","","","","","","","","","","",
"Israel","ISR","Contraceptive prevalence, any method (% of married women ages 15-49)","SP.DYN.CONU.ZS","","","","","","","","","","","","","","","","","","","","","","","","","","","","","68","","","","","","","","","","","","","","","","","","","","","","","","","","","","","","","","","","","","",
"Italy","ITA","Contraceptive prevalence, any method (% of married women ages 15-49)","SP.DYN.CONU.ZS","","","","","","","","","","","","","","","","","","","","","","","","","","","","","","","","","","","","","62.6556270667236","","","","","","","","","","","","","","","","","65.1","","","","","","","","","","","",
"Jamaica","JAM","Contraceptive prevalence, any method (% of married women ages 15-49)","SP.DYN.CONU.ZS","","","","","","","","","","","","","","","","","38.3","","","54.9","","","","51.4","","","","","","54.6","","","","61.9927288655278","","","","65.7280765920826","","","","","","69.1","","","","","72.5","","","","","","","","","","","","","","60.6","","",
"Jordan","JOR","Contraceptive prevalence, any method (% of married women ages 15-49)","SP.DYN.CONU.ZS","","","","","","","","","","","","","26.1","","","","25.2","","","","","","","26","","","","","","","40","","","","","","","52.6","","","","","55.8","","","","","56.8","","59.3","","","61.2","","","","","","51.8","","","","","60.1","",
"Japan","JPN","Contraceptive prevalence, any method (% of married women ages 15-49)","SP.DYN.CONU.ZS","","42","","44.6","","55.5","","53","","52.1","","52.6","","59.3","","60.5","","60.4","","62.2","","","","","57.3","","62.8","64.5","56.3","","57.9","","64","","58.6","","56.6","60.4","54.1","","55.9","","","","52","54.3","","","","","","","","","54.7302981185498","39.8","","","","","","58.3383869011522","","","",
"Kazakhstan","KAZ","Contraceptive prevalence, any method (% of married women ages 15-49)","SP.DYN.CONU.ZS","","","","","","","","","","","","","","","","","","","","","","","","","","","","","","","","","","","","59.1","","","","66.1","","","","","","","50.70393556","","","","","50.9960363","","","","55.69399923","","","52.98","","","","","","",
"Kenya","KEN","Contraceptive prevalence, any method (% of married women ages 15-49)","SP.DYN.CONU.ZS","","","","","","","","","","","","","","","","","","","7","","","","","","17","","","","","26.9","","","","32.7","","","","","39","","","","","39.3","","","","","","45.5","","","","","58","64.0789073661562","61.1741487617736","59.9682382404727","61.9209893809262","59.8006521261165","65.1162106221682","64.7","62.5","","",
"Kyrgyz Republic","KGZ","Contraceptive prevalence, any method (% of married women ages 15-49)","SP.DYN.CONU.ZS","","","","","","","","","","","","","","","","","","","","","","","","","","","","","","","","","","","","","","59.5","","","","","","","","","47.76110807","","","","","","36.3","","41.91864521","","","","39.3763412","","","","","","",
"Cambodia","KHM","Contraceptive prevalence, any method (% of married women ages 15-49)","SP.DYN.CONU.ZS","","","","","","","","","","","","","","","","","","","","","","","","","","","","","","","","","","","","12.6","","","21.8","","23.8","","","","","40","","","","","50.5","","","","56.3","","","","","","","","61.9","","",
"Kiribati","KIR","Contraceptive prevalence, any method (% of married women ages 15-49)","SP.DYN.CONU.ZS","","","","","","","","","","","","","","","","","","","","","","","","","","","","","","","","","","","","","","","","","40.7","","","","","","","","20","22.3","","","","","","","","","","33.6","","","","","",
"St. Kitts and Nevis","KNA","Contraceptive prevalence, any method (% of married women ages 15-49)","SP.DYN.CONU.ZS","","","","","","","","","","","","","","","","","","","","","","","","","40.6","","","","","","","","","","","","","","","","","","","","","","","","","","","","","","","","","","","","","","","","",
"Korea, Rep.","KOR","Contraceptive prevalence, any method (% of married women ages 15-49)","SP.DYN.CONU.ZS","","","","","","16","20","","","","","24.2404792468977","","","34.9","","44.2","","","54.5","","","57.7","","","70.4","","","77.1","","","79.4","","","77.4","","","80.5","","","79.3","","","84.5","","80.2","79.6","","","80","","","77.1","","","79.6","","","82.3","","","84.22","","","",
"Kuwait","KWT","Contraceptive prevalence, any method (% of married women ages 15-49)","SP.DYN.CONU.ZS","","","","","","","","","","","","","","","","","","","","","","","","","","39","","34.6","","","","","","","49.8","","50.2","","","52","","","","","","","","","","","","","","","","","","","","","","","","","",
"Latin America & Caribbean (excluding high income)","LAC","Contraceptive prevalence, any method (% of married women ages 15-49)","SP.DYN.CONU.ZS","","","","","","","","","","","","","","","","","","","","","","","","","","","","","","","","","","","","","","","","","","","","","","","","","","","","","","","","","","","","","","","","","",
"Lao PDR","LAO","Contraceptive prevalence, any method (% of married women ages 15-49)","SP.DYN.CONU.ZS","","","","","","","","","","","","","","","","","","","","","","","","","","","","","","","","","","18.6","","20","","","","","32.2","","","","","38.4","","","","","","","49.64620322","","","","","56.2757987","","","","","","","",
"Lebanon","LBN","Contraceptive prevalence, any method (% of married women ages 15-49)","SP.DYN.CONU.ZS","","","","","","","","","","","","53","","","","","","","","","","","","","61.7","","","","","","","","","","","","61.1","","","","62.7","","","","58","","","","","54.5","","","","","","","","","","","","","","","",
"Liberia","LBR","Contraceptive prevalence, any method (% of married women ages 15-49)","SP.DYN.CONU.ZS","","","","","","","","","","","","","","","","","","","","","","","","","","","6.4","","","","","","","","","","","","","","","","","","","","","11.4","","","","","","20.2","","","","","","","24.9","","","","",
"Libya","LBY","Contraceptive prevalence, any method (% of married women ages 15-49)","SP.DYN.CONU.ZS","","","","","","","","","","","","","","","","","","","","","","","","","","","","","","","","","","","","45.2","","","","","","","","44.5","","","","41.9","","","","","","","27.7","","","","","","","","","","",
"St. Lucia","LCA","Contraceptive prevalence, any method (% of married women ages 15-49)","SP.DYN.CONU.ZS","","","","","","","","","","","","","","","","","","","","","","52.2","","","","","","","47.3","","","","","","","","","","","","","","","","","","","","","","","","55.47194257","","","","","","","","","","","","",
"Latin America & Caribbean","LCN","Contraceptive prevalence, any method (% of married women ages 15-49)","SP.DYN.CONU.ZS","","","","","","","","","","","","","","","","","","","","","","","","","","","","","","","","","","","","","","","","","","","","","","","","","","","","","","","","","","","","","","","","","",
"Least developed countries: UN classification","LDC","Contraceptive prevalence, any method (% of married women ages 15-49)","SP.DYN.CONU.ZS","","","","","","","","","","","","","","","","","","","","","","","","","","","","","","","19.1768593055353","","","","","","","","","","27.4648247208696","","","","","","","","","","33.1934999449958","","","","","","","","","","","41.7519931097887","","","",
"Low income","LIC","Contraceptive prevalence, any method (% of married women ages 15-49)","SP.DYN.CONU.ZS","","","","","","","","","","","","","","","","","","","","","","","","","","","","","","","","","","","","","","","","","24.4124036464783","","","","","","","","","","26.0118255915457","","","","","","","","","","","","","","",
"Liechtenstein","LIE","Contraceptive prevalence, any method (% of married women ages 15-49)","SP.DYN.CONU.ZS","","","","","","","","","","","","","","","","","","","","","","","","","","","","","","","","","","","","","","","","","","","","","","","","","","","","","","","","","","","","","","","","","",
"Sri Lanka","LKA","Contraceptive prevalence, any method (% of married women ages 15-49)","SP.DYN.CONU.ZS","","","","","","","","","","","","","","","","34.4","","48.6","","","","","57.8","","","","","61.7","","","","","","66.1","","","","","","","70","","","","","","","68.4","","","","","","","","","64.6","","","","","","","","",
"Lower middle income","LMC","Contraceptive prevalence, any method (% of married women ages 15-49)","SP.DYN.CONU.ZS","","","","","","","","","","","","","","","","","","","","","","","","","","","","","","","37.248832065505","","","","","","","","","","43.8186122903379","","","","","","","","","","49.7042408872848","","","","","","","","","","","57.0937293464068","","","",
"Low & middle income","LMY","Contraceptive prevalence, any method (% of married women ages 15-49)","SP.DYN.CONU.ZS","","","","","","","","","","","","","","","","","","","","","","","","","","","","","","","","","","","","","","","","","59.5896613637192","","","","","","","","","","","","","","","","","","","","","","","","",
"Lesotho","LSO","Contraceptive prevalence, any method (% of married women ages 15-49)","SP.DYN.CONU.ZS","","","","","","","","","","","","","","","","","","6","","","","","","","","","","","","","","","","","","28.6","","","","","30.43133104","40.6","38","","37.3","","","","","47","","63.4227770494969","","","60.2","","","","64.9305733","","","","","","67.4",
"Late-demographic dividend","LTE","Contraceptive prevalence, any method (% of married women ages 15-49)","SP.DYN.CONU.ZS","","","","","","","","","","","","","","","","","","","","","","","","","","","","","","","","","","","","","","","","","83.685231746534","","","","","","","","","","","","","","","","","","","","","","","","",
"Lithuania","LTU","Contraceptive prevalence, any method (% of married women ages 15-49)","SP.DYN.CONU.ZS","","","","","","","","","","","","","","","","","","","","","","","","","","","","","","","","","","","","50.7088331515813","","","","","","","","","","","65.1","","","68.5800604229607","","","","","","","","","","","","","","","",
"Luxembourg","LUX","Contraceptive prevalence, any method (% of married women ages 15-49)","SP.DYN.CONU.ZS","","","","","","","","","","","","","","","","","","","","","","","","","","","","","","","","","","","","","","","","","","","","","","","","","","","","","","","","","","","","","","","","","",
"Latvia","LVA","Contraceptive prevalence, any method (% of married women ages 15-49)","SP.DYN.CONU.ZS","","","","","","","","","","","","","","","","","","","","","","","","","","","","","","","","","","","","67.8925035360679","","","","","","","","","","","","","","","","","","","","","","","","","","","","","",
"Macao SAR, China","MAC","Contraceptive prevalence, any method (% of married women ages 15-49)","SP.DYN.CONU.ZS","","","","","","","","","","","","","","","","","","","","","","","","","","","","","","","","","","","","","","","","","","","","","","","","","","","","","","","","","","","","","","","","","",
"St. Martin (French part)","MAF","Contraceptive prevalence, any method (% of married women ages 15-49)","SP.DYN.CONU.ZS","","","","","","","","","","","","","","","","","","","","","","","","","","","","","","","","","","","","","","","","","","","","","","","","","","","","","","","","","","","","","","","","","",
"Morocco","MAR","Contraceptive prevalence, any method (% of married women ages 15-49)","SP.DYN.CONU.ZS","","","","","","","","","","","","","","","","","","","","","19.3999999999999","","","","25.5","","","35.8","","","","","41.5","","","50.3","","58.4","","","","","","","63","","","","","","","67.4","","","","","","","70.8","","","","","","",
"Monaco","MCO","Contraceptive prevalence, any method (% of married women ages 15-49)","SP.DYN.CONU.ZS","","","","","","","","","","","","","","","","","","","","","","","","","","","","","","","","","","","","","","","","","","","","","","","","","","","","","","","","","","","","","","","","","",
"Moldova","MDA","Contraceptive prevalence, any method (% of married women ages 15-49)","SP.DYN.CONU.ZS","","","","","","","","","","","","","","","","","","","","","","","","","","","","","","","","","","","","","","73.7","","","62.39323444","","","","","67.8","","","","","","","59.45506793","","","","","","","","56","","","","",
"Madagascar","MDG","Contraceptive prevalence, any method (% of married women ages 15-49)","SP.DYN.CONU.ZS","","","","","","","","","","","","","","","","","","","","","","","","","","","","","","","","","16.7","","","","","19.4","","25","18.8412734048033","","","","27.1","","","","","39.9","","","","39.8","","","","47.9","44.38884842","","","49.7","","","",
"Maldives","MDV","Contraceptive prevalence, any method (% of married women ages 15-49)","SP.DYN.CONU.ZS","","","","","","","","","","","","","","","","","","","","","","","","","","","","","","","","29","","","","","","","","42","","","","","39","","","","","34.7","","","","","","","","18.8","","","","","","","",
"Middle East, North Africa, Afghanistan & Pakistan","MEA","Contraceptive prevalence, any method (% of married women ages 15-49)","SP.DYN.CONU.ZS","","","","","","","","","","","","","","","","","","","","","","","","","","","","","","","32.3112490458597","","","","","","","","","","45.8251262749369","","","","","","","","","","49.3468121723802","","","","","","","","","","","","","","",
"Mexico","MEX","Contraceptive prevalence, any method (% of married women ages 15-49)","SP.DYN.CONU.ZS","","","","","","","","","","","","","","","","","","30.3","40","37.8","","","47.7","","","","","52.7","","","","","63.1","","","66.5","","68.4","","","","","","74.5","","","70.9","","","72.5","","","","","72.3","66.90078956","","","73.10006","","","","","71.8482508570646","",
"Marshall Islands","MHL","Contraceptive prevalence, any method (% of married women ages 15-49)","SP.DYN.CONU.ZS","","","","","","","","","","","","","","","","","","","","","","","","","","","","","","","","","","","","","","","","","","","","","","","","44.6","","","","","","","","","","","","","","","","","",
"Middle income","MIC","Contraceptive prevalence, any method (% of married women ages 15-49)","SP.DYN.CONU.ZS","","","","","","","","","","","","","","","","","","","","","","","","","","","","","","","","","","","","","","","","","61.6782213970397","","","","","","","","","","","","","","","","","","","","","","","","",
"North Macedonia","MKD","Contraceptive prevalence, any method (% of married women ages 15-49)","SP.DYN.CONU.ZS","","","","","","","","","","","","","","","","","","","","","","","","","","","","","","","","","","","","","","","","","","","","","","","","","","","","40.37709211","","","","","","","","59.8676426711758","","","","","",
"Mali","MLI","Contraceptive prevalence, any method (% of married women ages 15-49)","SP.DYN.CONU.ZS","","","","","","","","","","","","","","","","","","","","","","","","","","","","4.7","","","","","","","","","6.7","","","","","8.1","","","","","8.2","","","","9.798936329","","","10.3","","15.57167489","","","17.2","","","","","","",
"Malta","MLT","Contraceptive prevalence, any method (% of married women ages 15-49)","SP.DYN.CONU.ZS","","","","","","","","","","","","87","","","","","","","","","","","","","","","","","","","","","","85.8","","","","","","","","","","","","","","","","","","","","","","","","","","","","","","","",
"Myanmar","MMR","Contraceptive prevalence, any method (% of married women ages 15-49)","SP.DYN.CONU.ZS","","","","","","","","","","","","","","","","","","","","","","","","","","","","","","","","16.8","","","","","","32.7","","","","32.5","","","","","","41","","","","","","","","","52.2","","","","","","","","",
"Middle East, North Africa, Afghanistan & Pakistan (excluding high income)","MNA","Contraceptive prevalence, any method (% of married women ages 15-49)","SP.DYN.CONU.ZS","","","","","","","","","","","","","","","","","","","","","","","","","","","","","","","31.8261057685784","","","","","","","","","","46.7881596238356","","","","","","","","","","49.4986201062762","","","","","","","","","","","","","","",
"Montenegro","MNE","Contraceptive prevalence, any method (% of married women ages 15-49)","SP.DYN.CONU.ZS","","","","","","","","","","","","","","","","","","","","","","","","","","","","","","","","","","","","","","","","","52.7","","","","","","39.58535141","","","","","","","23.20209561","","","","","20.7","","","","","","",
"Mongolia","MNG","Contraceptive prevalence, any method (% of married women ages 15-49)","SP.DYN.CONU.ZS","","","","","","","","","","","","","","","","","","","","","","","","","","","","","","","","","","","","","57.3","","59.9","","67.36821006","","","69","","65.97498227","","","55.2","","","54.9059143","","54.58329359","","","","","48.1348813","","","","","","",
"Northern Mariana Islands","MNP","Contraceptive prevalence, any method (% of married women ages 15-49)","SP.DYN.CONU.ZS","","","","","","","","","","","","","","","","","","","","","","","","","","","","","","","","","","","","","","","","","","","","","","","","","","","","","","","","","","","","","","","","","",
"Mozambique","MOZ","Contraceptive prevalence, any method (% of married women ages 15-49)","SP.DYN.CONU.ZS","","","","","","","","","","","","","","","","","","","","","","","","","","","","","","","","","","","","","","5.6","","","","","","16.5","","","","","16.19194295","11.6","","11.6","","","","27.1","","","","","","","","26.4","",
"Mauritania","MRT","Contraceptive prevalence, any method (% of married women ages 15-49)","SP.DYN.CONU.ZS","","","","","","","","","","","","","","","","","","","","","","0.8","","","","","","","","","","4.1","","","","","","","","","","8","","","","","","9.3","","","","11.4","","","","17.8","","","","","","14.3","","","",
"Mauritius","MUS","Contraceptive prevalence, any method (% of married women ages 15-49)","SP.DYN.CONU.ZS","","","","","","","","","","","","","","","","","","","","","","","","","","79.5","","","","","","74.6","","","","","","","","","","","75.9","","","","","","","","","","","","63.8","","","","","","","","","","",
"Malawi","MWI","Contraceptive prevalence, any method (% of married women ages 15-49)","SP.DYN.CONU.ZS","","","","","","","","","","","","","","","","","","","","","","","","","6.9","","","","","","","","13","","","","21.9","","","","30.6","","","","32.5","","41.0162764","","","","46.1","","","","58.59982232","","59.2","","","","65.6131232873079","","","","",
"Malaysia","MYS","Contraceptive prevalence, any method (% of married women ages 15-49)","SP.DYN.CONU.ZS","","","","","","","","8.69999999999999","","","","","","","33","","","","","","","","","","","51.4","","","48.3","","","","","","55.1","","","","","","","","","","49","","","","","","","","","","52.2","","","","","","","","42.8","","",
"North America","NAC","Contraceptive prevalence, any method (% of married women ages 15-49)","SP.DYN.CONU.ZS","","","","","","","","","","","","","","","","","","","","","","","","","","","","","","","70.7","","","","","","","","","","73.5548032743248","","","","","","","","","","76.422420421344","","","","","","","","","","","73.9","","","",
"Namibia","NAM","Contraceptive prevalence, any method (% of married women ages 15-49)","SP.DYN.CONU.ZS","","","","","","","","","","","","","","","","","","","","","","","","","","","","","","40.9","","","28.9","","","","","","","","43.7","","","","","","","55.1","","","","","","56.1","","","","","","","","","","","",
"New Caledonia","NCL","Contraceptive prevalence, any method (% of married women ages 15-49)","SP.DYN.CONU.ZS","","","","","","","","","","","","","","","","","","","","","","","","","","","","","","","","","","","","","","","","","","","","","","","","","","","","","","","","","","","","","","","","","",
"Niger","NER","Contraceptive prevalence, any method (% of married women ages 15-49)","SP.DYN.CONU.ZS","","","","","","","","","","","","","","","","","","","","","","","","","","","","","","","","","4.4","","","","","","8.2","","13.96974696","","","","","","11.2","","","","","","13.9","","","14.7","16.9861752333206","11.1","","","","11","14.5747167731228","15.2564802562511","",
"Nigeria","NGA","Contraceptive prevalence, any method (% of married women ages 15-49)","SP.DYN.CONU.ZS","","","","","","","","","","","","","","","","","","","","","","","6.8","","","","","","","","6","","","","","","","","","15.1909278008092","","","","12.6","","","","14.67709276","14.6","","","17.54732001","13.5","15.1","","","22.1202885298537","13.39285083","16.6","","","21.6","","","",
"Nicaragua","NIC","Contraceptive prevalence, any method (% of married women ages 15-49)","SP.DYN.CONU.ZS","","","","","","","","","","","","","","","","","","","","","","27","","","","","","","","","","","","48.74","","","","","60.3","","","68.6","","","","","","72.4417895271988","","","","","80.4","","","","","","","","","","","","",
"Netherlands","NLD","Contraceptive prevalence, any method (% of married women ages 15-49)","SP.DYN.CONU.ZS","","","","","","","","","","59","","","","","","75","","","","","","","76.8206338503034","","","","","","76.2704940656914","","","","","78.4682993197279","","","","","75","","","","","75","","","","","75","","","","","73","","","","","","","","","","","",
"Norway","NOR","Contraceptive prevalence, any method (% of married women ages 15-49)","SP.DYN.CONU.ZS","","","","","","","","","","","","","","","","","","","","","","","","","","","","","","73.843655371305","","","","","","","","","","","","","","","","","","","","","","","","","","","","","","","","","","","",
"Nepal","NPL","Contraceptive prevalence, any method (% of married women ages 15-49)","SP.DYN.CONU.ZS","","","","","","","","","","","","","","","","","2.4","","","","","6.8","","","","","15.1","","","","","","24.1","","","","28.5","","","","37.2999999999999","39.3","","","38.3","","48","","","","","49.7","","","49.62671555","","52.6","","","46.6681216103216","","","57.2","","",
"Nauru","NRU","Contraceptive prevalence, any method (% of married women ages 15-49)","SP.DYN.CONU.ZS","","","","","","","","","","","","","","","","","","","","","","","","","","","","","","","","","","","","","","","","","","","","","","","","35.6","","","","","","","","","","","","","","","","","",
"New Zealand","NZL","Contraceptive prevalence, any method (% of married women ages 15-49)","SP.DYN.CONU.ZS","","","","","","","","","","","","","","","","","70.1","","","","","","","","","","","","","","","","","","","74.3373465809468","","","","","","","","","","","","","","","","","","","","","","","","","","","","","",
"OECD members","OED","Contraceptive prevalence, any method (% of married women ages 15-49)","SP.DYN.CONU.ZS","","","","","","","","","","","","","","","","","","","","","","","","","","","","","","","68.809640893889","","","","","","","","","","","","","","","","","","","","75.0208511609392","","","","","","","","","","","","","","",
"Oman","OMN","Contraceptive prevalence, any method (% of married women ages 15-49)","SP.DYN.CONU.ZS","","","","","","","","","","","","","","","","","","","","","","","","","","","","","","8.6","","","","","","23.7","","","","","31.7","","","","","","","","24.4","","","","","","29.7","","","","","","","","","","",
"Other small states","OSS","Contraceptive prevalence, any method (% of married women ages 15-49)","SP.DYN.CONU.ZS","","","","","","","","","","","","","","","","","","","","","","","","","","","","","","","","","","","","","","","","","","","","","","","","","","","","","","","","","","","","","","","","","",
"Pakistan","PAK","Contraceptive prevalence, any method (% of married women ages 15-49)","SP.DYN.CONU.ZS","","","","","","","","","","5.5","","","","","","5.4","","","","","3.3","","","","","9.1","","","","","","11.8","","21.9","","17.8","13","23.9","","17","","27.6","","32.1","","","26","29.6","27","","","","29","35.4","32","","","","34.2","34","","","","","",
"Panama","PAN","Contraceptive prevalence, any method (% of married women ages 15-49)","SP.DYN.CONU.ZS","","","","","","","","","","","","","","","","","53.9","","","60.6","","","","","58.2","","","","","","","","","","","","","","","","","","","","","","","","","62.5","","","","62.83116646","","50.8","","","","","","","","","",
"Peru","PER","Contraceptive prevalence, any method (% of married women ages 15-49)","SP.DYN.CONU.ZS","","","","","","","","","","","26","","","","","","","","31.4","","","41","","","","","45.8","","","","","","59","","","","64.2","","","","68.9","","","","","","71.3","","72.4","73.2","74.4","75.4","75.5","74","74.6","74.6","76.2","75.4","76.3","75.9","77.4","78.1","77.95","77.3","",
"Philippines","PHL","Contraceptive prevalence, any method (% of married women ages 15-49)","SP.DYN.CONU.ZS","","","","","","","","","","","","","","","","","","","36.2","","","","","","","","","","","","","","","40","","50.7","48.1","47","47.8","49.3","47","49.5","48.8","48.9","49.3","49.3","50.6","","50.7","","","48.9","","55.1","","","","54.3","","","","","58.3","","",
"Palau","PLW","Contraceptive prevalence, any method (% of married women ages 15-49)","SP.DYN.CONU.ZS","","","","","","","","","","","","","","","","","","","","","","","","","","","","","","","","","","","","","","","","","","","","","","","","","","","","","","","","","","","","","","","","","",
"Papua New Guinea","PNG","Contraceptive prevalence, any method (% of married women ages 15-49)","SP.DYN.CONU.ZS","","","","","","","","","","","","","","","","","","","","","","","","","","","","","","","","","","","","","25.9","","","","","","","","","","32.4","","","","","","","","","","","","36.7","","","","","","",
"Poland","POL","Contraceptive prevalence, any method (% of married women ages 15-49)","SP.DYN.CONU.ZS","","","","","","","","","","","","","60","","","","","75","","","","","","","","","","","","","","72.7540500736377","","","","","","","","","","","","","","","","","","","","50.5","","","63.2","","","","","","","","","","",
"Pre-demographic dividend","PRE","Contraceptive prevalence, any method (% of married women ages 15-49)","SP.DYN.CONU.ZS","","","","","","","","","","","","","","","","","","","","","","","","","","","","","","","10.2661010374328","","","","","","","","","","19.5992618257805","","","","","","","","","","22.6353542280114","","","","","","","","","","","31.7008232628944","","","",
"Puerto Rico (US)","PRI","Contraceptive prevalence, any method (% of married women ages 15-49)","SP.DYN.CONU.ZS","","","","","","","","","","","","","","","","","","","","","","","69.4","","","","","","","","","","","","","","77.7","","","","","","","","","","","","","","","","","","","","","","","","","","","","",
"Korea, Dem. People's Rep.","PRK","Contraceptive prevalence, any method (% of married women ages 15-49)","SP.DYN.CONU.ZS","","","","","","","","","","","","","","","","","","","","","","","","","","","","","","","","","61.9","","","","","67.3","","","","","68.6","","67.6","","69.1","","","","70.6","","","","78.2","","","70.2","","","","","","","",
"Portugal","PRT","Contraceptive prevalence, any method (% of married women ages 15-49)","SP.DYN.CONU.ZS","","","","","","","","","","","","","","","","","","","","","76.25","","","","","","","","","","","","","","","","","","","","","","","","","","85.1085340055987","","","","","","","","73.8869860463731","","","","","","","","","","",
"Paraguay","PRY","Contraceptive prevalence, any method (% of married women ages 15-49)","SP.DYN.CONU.ZS","","","","","","","","","","","","","","","","","","28.6","","37.7","","","","","","","","44.8","","","48.4","","","","","","55.9","","62.3","","","","","","72.8","","","","79.4","","","","","","","","68.35988695","","","","","","","","",
"West Bank and Gaza","PSE","Contraceptive prevalence, any method (% of married women ages 15-49)","SP.DYN.CONU.ZS","","","","","","","","","","","","","","","","","","","","","","","","","","","","","","","","","","","","","45.2","","","","51.4","","","","50.8","","50.2","","","","52.5232375","","","","57.16260552","","","","","","57.3","","","","",
"Pacific island small states","PSS","Contraceptive prevalence, any method (% of married women ages 15-49)","SP.DYN.CONU.ZS","","","","","","","","","","","","","","","","","","","","","","","","","","","","","","","","","","","","","","","","","","","","","","","","","","","","","","","","","","","","","","","","","",
"Post-demographic dividend","PST","Contraceptive prevalence, any method (% of married women ages 15-49)","SP.DYN.CONU.ZS","","","","","","","","","","","","","","","","","","","","","","","","","","","","","","","","","","","","","","","","","71.0801586828835","","","","","","","","","","75.673558653364","","","","","","","","","","","","","","",
"French Polynesia","PYF","Contraceptive prevalence, any method (% of married women ages 15-49)","SP.DYN.CONU.ZS","","","","","","","","","","","","","","","","","","","","","","","","","","","","","","","","","","","","","","","","","","","","","","","","","","","","","","","","","","","","","","","","","",
"Qatar","QAT","Contraceptive prevalence, any method (% of married women ages 15-49)","SP.DYN.CONU.ZS","","","","","","","","","","","","","","","","","","","","","","","","","","","","32.3","","","","","","","","","","","43.2","","","","","","","","","","","","","","37.52185226","","","","","","","","","","","","",
"Romania","ROU","Contraceptive prevalence, any method (% of married women ages 15-49)","SP.DYN.CONU.ZS","","","","","","","","","","","","","","","","","","","","","","","","","","","","","","","","","","57.3","","","","","","63.8","","","","","70.3","69.8","","","","","","","","","","","","","","","","","","","",
"Russian Federation","RUS","Contraceptive prevalence, any method (% of married women ages 15-49)","SP.DYN.CONU.ZS","","","","","","","","","","","","","","","","","","","","","","","","","","","","","","","","","","62.5","66.8","63.4","65.3","","","","","","","","68.5","","","63","","","64.9","68","","","","","","","","","","","","","",
"Rwanda","RWA","Contraceptive prevalence, any method (% of married women ages 15-49)","SP.DYN.CONU.ZS","","","","","","","","","","","","","","","","","","","","","","","","11","","","","","","","","","21.2","","","","","","","","13.2","","","","","17.4","","","36.4","","51.6","","","","","53.2","","","","","64.1","","","","",
"South Asia","SAS","Contraceptive prevalence, any method (% of married women ages 15-49)","SP.DYN.CONU.ZS","","","","","","","","","","","","","","","","","","","","","","","","","","","","","","","43.9535575840695","","","","","","","","","","47.9408274861357","","","","","","","","","","55.4151641703814","","","","","","","","","","","66.2124945487176","","","",
"Saudi Arabia","SAU","Contraceptive prevalence, any method (% of married women ages 15-49)","SP.DYN.CONU.ZS","","","","","","","","","","","","","","","","","","","","","","","","","","","","","","","","","","","","","","31.8","","20.8","","","","","","","","23.8","","","","","","","","","24.6463703881643","","","27.6","","","","39.9921873361432","",
"Sudan","SDN","Contraceptive prevalence, any method (% of married women ages 15-49)","SP.DYN.CONU.ZS","","","","","","","","","","","","","","","","","","","","4.6","","","","","","","","","","","8.7","","","9.9","","","","","","7","","","","","","","9.5","","","","9.055340788","","","","12.77805417","","","","","","","","","","",
"Senegal","SEN","Contraceptive prevalence, any method (% of married women ages 15-49)","SP.DYN.CONU.ZS","","","","","","","","","","","","","","","","","","","3.9","","","","","","","","11.3","","","","","","","7.5","","","","12.9","","10.5","","","","","","11.8","","","","","","13.1","","17.8","22.2","23.3","25.1","27.8","27.1","26.9","","","","26.5","",
"Singapore","SGP","Contraceptive prevalence, any method (% of married women ages 15-49)","SP.DYN.CONU.ZS","","","","","","","","","","","","","","60.1","","","","71.3","","","","","74","","","","","67","","","","","65","","","","","62","","","","","","","","","","","","","","","","","","","","","","","","","","","",
"Solomon Islands","SLB","Contraceptive prevalence, any method (% of married women ages 15-49)","SP.DYN.CONU.ZS","","","","","","","","","","","","","","","","","","","","","","","","","","","","","","","","","","","","","","","","","","","","","","","","34.6","","","","","","","","29.3","","","","","","","","","",
"Sierra Leone","SLE","Contraceptive prevalence, any method (% of married women ages 15-49)","SP.DYN.CONU.ZS","","","","","","","","","","","","","","","","","","","","","","","","","","","","","","","","","","","","","","","","","4.284328722","","","","","","5.253615515","","8.2","","11.01261892","","","16.6","","","","22.52056185","","21.2","","","","","",
"El Salvador","SLV","Contraceptive prevalence, any method (% of married women ages 15-49)","SP.DYN.CONU.ZS","","","","","","","","","","","","","","","","21.6","","","34.4","","","","","","","47.3","","","47.1","","","","","53.3","","","","","59.7","","","","","67.3","","","","","72.5","","","","","","71.83256637","","","","","","","53.6","","","",
"San Marino","SMR","Contraceptive prevalence, any method (% of married women ages 15-49)","SP.DYN.CONU.ZS","","","","","","","","","","","","","","","","","","","","","","","","","","","","","","","","","","","","","","","","","","","","","","","","","","","","","","","","","","","","","","","","","",
"Somalia, Fed. Rep.","SOM","Contraceptive prevalence, any method (% of married women ages 15-49)","SP.DYN.CONU.ZS","","","","","","","","","","","","","","","","","","","","","","","","","","","","","","","","","","","","","","","","","7.9","","","","","","14.59527888","","","","","","","","","","","","","6.9","","","","","",
"Serbia","SRB","Contraceptive prevalence, any method (% of married women ages 15-49)","SP.DYN.CONU.ZS","","","","","","","","","","","","","","","","","","","","","","","","","","","","","","","","","","","","","","","","","58.7","","","","","","41.29240737","","","","60.83519849","","","","58.39362879","","","","","62.2958961009131","","","","","",
"Sub-Saharan Africa (excluding high income)","SSA","Contraceptive prevalence, any method (% of married women ages 15-49)","SP.DYN.CONU.ZS","","","","","","","","","","","","","","","","","","","","","","","","","","","","","","","16.5051646153717","","","","","","","","","","23.7364767179538","","","","","","","","","","23.1878600942197","","","","","","","","","","","31.4686083307126","","","",
"South Sudan","SSD","Contraceptive prevalence, any method (% of married women ages 15-49)","SP.DYN.CONU.ZS","","","","","","","","","","","","","","","","","","","","","","","","","","","","","","","","","","","","","","","","","","","","","","","3.5","","","","4.000601836","","","","","","","","","","","","","","",
"Sub-Saharan Africa","SSF","Contraceptive prevalence, any method (% of married women ages 15-49)","SP.DYN.CONU.ZS","","","","","","","","","","","","","","","","","","","","","","","","","","","","","","","15.1445300549311","","","","","","","","","","22.2155155103013","","","","","","","","","","23.7826042391603","","","","","","","","","","","32.0570113805869","","","",
"Small states","SST","Contraceptive prevalence, any method (% of married women ages 15-49)","SP.DYN.CONU.ZS","","","","","","","","","","","","","","","","","","","","","","","","","","","","","","","","","","","","","","","","","","","","","","","","","","","","","","","","","","","","","","","","","",
"Sao Tome and Principe","STP","Contraceptive prevalence, any method (% of married women ages 15-49)","SP.DYN.CONU.ZS","","","","","","","","","","","","","","","","","","","","","","","","","","","","","","","","","","","","","","","","","29.28015017","","","","","","30.7","","","38.4","","","","","40.48463076","","","","","49.6820543663491","","","","","",
"Suriname","SUR","Contraceptive prevalence, any method (% of married women ages 15-49)","SP.DYN.CONU.ZS","","","","","","","","","","","","","","","","","","","","","","","","","","","","","","","","","","","","","","","","","42.13614858","","","","","","45.64332861","","","","47.60297893","","","","","","","","39.12159292","","","","","","",
"Slovak Republic","SVK","Contraceptive prevalence, any method (% of married women ages 15-49)","SP.DYN.CONU.ZS","","","","","","","","","","","","","","","","","","","","","","","","","","","","","","","","","","","","","","","","","","","","","","","","","","","","","","","","","","","","","","","","","",
"Slovenia","SVN","Contraceptive prevalence, any method (% of married women ages 15-49)","SP.DYN.CONU.ZS","","","","","","","","","","","","","","","","","","","","","","","","","","","","","","","","","","","","78.8838204619636","","","","","","","","","","","","","","","","","","","","","","","","","","","","","",
"Sweden","SWE","Contraceptive prevalence, any method (% of married women ages 15-49)","SP.DYN.CONU.ZS","","","","","","","","","","","","","","","","","","","","","","","","","","","","","","","","","","","","","","","","","","","","","","","","","","","","","","","","","","","","","","","","","",
"Eswatini","SWZ","Contraceptive prevalence, any method (% of married women ages 15-49)","SP.DYN.CONU.ZS","","","","","","","","","","","","","","","","","","","","","","","","","","","","","19.9125039370079","","","","","","","","","","","","27.80593861","","","","","","","50.6","","","65.19109455","","","","66.14127978","","","","","","","","57.7","","",
"Sint Maarten (Dutch part)","SXM","Contraceptive prevalence, any method (% of married women ages 15-49)","SP.DYN.CONU.ZS","","","","","","","","","","","","","","","","","","","","","","","","","","","","","","","","","","","","","","","","","","","","","","","","","","","","","","","","","","","","","","","","","",
"Seychelles","SYC","Contraceptive prevalence, any method (% of married women ages 15-49)","SP.DYN.CONU.ZS","","","","","","","","","","","","","","","","","","","","","","","","","","","","","","","","","","","","","","","","","","","","","","","","","","","","","","","","","","","","","","","","","",
"Syrian Arab Republic","SYR","Contraceptive prevalence, any method (% of married women ages 15-49)","SP.DYN.CONU.ZS","","","","","","","","","","","","","","","","","","","29.5","","","","","","","","","","","","","","","39.6","","","","","","","","46.6","","","","","58.29429438","","","53.9","","","","","","","","","","","","","","","",
"Turks and Caicos Islands","TCA","Contraceptive prevalence, any method (% of married women ages 15-49)","SP.DYN.CONU.ZS","","","","","","","","","","","","","","","","","","","","","","","","","","","","","","","","","","","","","","","","","","","","","","","","","","","","","","","","","","","","","34.3868182094481","","","","",
"Chad","TCD","Contraceptive prevalence, any method (% of married women ages 15-49)","SP.DYN.CONU.ZS","","","","","","","","","","","","","","","","","","","","","","","","","","","","","","","","","","","","","","4.1","","","7.86800739","","","","11.1","","","","","","4.828020952","","","","","5.7","","","","8.1","","","","","",
"East Asia & Pacific (IDA & IBRD countries)","TEA","Contraceptive prevalence, any method (% of married women ages 15-49)","SP.DYN.CONU.ZS","","","","","","","","","","","","","","","","","","","","","","","","","","","","","","","","","","","","","","","","","78.5409498984472","","","","","","","","","","","","","","","","","","","","","","","","",
"Europe & Central Asia (IDA & IBRD countries)","TEC","Contraceptive prevalence, any method (% of married women ages 15-49)","SP.DYN.CONU.ZS","","","","","","","","","","","","","","","","","","","","","","","","","","","","","","","","","","","","","","","","","","","","","","","","","","","62.3723069044695","","","","","","","","","","","","","","",
"Togo","TGO","Contraceptive prevalence, any method (% of married women ages 15-49)","SP.DYN.CONU.ZS","","","","","","","","","","","","","","","","","","","","","","","","","","","","","33.9","","","","","","","","","","23.5","","25.7434147","","","","","","16.38839048","","","","15.17595395","","","","19.9","","","23.8","","","","","","","",
"Thailand","THA","Contraceptive prevalence, any method (% of married women ages 15-49)","SP.DYN.CONU.ZS","","","","","","","","","","","14.8","","","26.3","","33.3","","","53.4","","","58.2","","","62.2","","","65.5","","66.2","","","","73.9","","","73.6","72.2","","","","77.8","","","","","76.66148446","","","79.6","","","","79.27499234","","","78.34456677","","","72.9665238202261","","","72.8","","",
"Tajikistan","TJK","Contraceptive prevalence, any method (% of married women ages 15-49)","SP.DYN.CONU.ZS","","","","","","","","","","","","","","","","","","","","","","","","","","","","","","","","","","","","","","","","","33.91634981","","","","","37.94955437","","37.1","","","","","27.9","","","","","29.3","","","","","","","",
"Turkmenistan","TKM","Contraceptive prevalence, any method (% of married women ages 15-49)","SP.DYN.CONU.ZS","","","","","","","","","","","","","","","","","","","","","","","","","","","","","","","","","","","","","","","","","61.8","","","","","","48.00119396","","","","","","","","","","50.20609696","","","49.6763641281299","","","","","",
"Latin America & the Caribbean (IDA & IBRD countries)","TLA","Contraceptive prevalence, any method (% of married women ages 15-49)","SP.DYN.CONU.ZS","","","","","","","","","","","","","","","","","","","","","","","","","","","","","","","","","","","","","","","","","","","","","","","","","","","","","","","","","","","","","","","","","",
"Timor-Leste","TLS","Contraceptive prevalence, any method (% of married women ages 15-49)","SP.DYN.CONU.ZS","","","","","","","","","","","","","","","","","","","","","","","","","","","","","","","","25.1","","","22.6","","","26.7","","","","8","","10","","","","19.8","","","22.3","","","","","","26","","","","","","","","",
"Middle East, North Africa, Afghanistan & Pakistan (IDA & IBRD)","TMN","Contraceptive prevalence, any method (% of married women ages 15-49)","SP.DYN.CONU.ZS","","","","","","","","","","","","","","","","","","","","","","","","","","","","","","","31.8261057685785","","","","","","","","","","46.7577041406058","","","","","","","","","","49.476729527791","","","","","","","","","","","","","","",
"Tonga","TON","Contraceptive prevalence, any method (% of married women ages 15-49)","SP.DYN.CONU.ZS","","","","","","","","","","","","","","","","","","","","","","","","","","","","","","","","","","","","","","","","","","","","","","","","","","","","","34.1","","","","","","","29.2895637300876","","","","","",
"South Asia (IDA & IBRD)","TSA","Contraceptive prevalence, any method (% of married women ages 15-49)","SP.DYN.CONU.ZS","","","","","","","","","","","","","","","","","","","","","","","","","","","","","","","43.9535575840695","","","","","","","","","","47.9408274861357","","","","","","","","","","55.4151641703814","","","","","","","","","","","66.2124945487176","","","",
"Sub-Saharan Africa (IDA & IBRD countries)","TSS","Contraceptive prevalence, any method (% of married women ages 15-49)","SP.DYN.CONU.ZS","","","","","","","","","","","","","","","","","","","","","","","","","","","","","","","15.1445300549311","","","","","","","","","","22.2155155103013","","","","","","","","","","23.7826042391603","","","","","","","","","","","32.0570113805869","","","",
"Trinidad and Tobago","TTO","Contraceptive prevalence, any method (% of married women ages 15-49)","SP.DYN.CONU.ZS","","","","","","","","","","","","44","","","","","","52","","","","","","","","","","52.7","","","","","","","","","","","","","38.23210412","","","","","","42.51737836","","","","","40.29322865","","","","","","","","","","","36.5","","",
"Tunisia","TUN","Contraceptive prevalence, any method (% of married women ages 15-49)","SP.DYN.CONU.ZS","","","","","","","","","","","","","","","","","","","31.4","","","","","41.1","","","","","49.8","","","","","","","60","","","","","65.5","62.6","","","","","60.2","","","","","","62.5240605","","","","","","50.7","","","","","54","",
"Turkiye","TUR","Contraceptive prevalence, any method (% of married women ages 15-49)","SP.DYN.CONU.ZS","","","","22.1","","","","","31.6","","","","","36.7999999999999","","","","","50.4","","","","","50.6","","","","","63.3","","","","","62.6","","","","","63.9","","","","","71","","","","","73","","","","","73.5","","","","","69.8","","","","","","",
"Tuvalu","TUV","Contraceptive prevalence, any method (% of married women ages 15-49)","SP.DYN.CONU.ZS","","","","","","","","","","","","","","","","","","","","","","","","","","","","","","","","","","","","","","","","","","","","","","","","30.5","","","","","","","","","","","","","23.6671898206608","","","","",
"Tanzania","TZA","Contraceptive prevalence, any method (% of married women ages 15-49)","SP.DYN.CONU.ZS","","","","","","","","","","","","","","","","","","","","","","","","","","","","","","","","","10.4","","20.4","","18.4","","","25.4","","","","","28.2","26.4","","","","","34.4","","","","","","38.4","","","","","","37.6","","",
"Uganda","UGA","Contraceptive prevalence, any method (% of married women ages 15-49)","SP.DYN.CONU.ZS","","","","","","","","","","","","","","","","","","","","","","","","","","","","","","4.9","","","","","","14.8","","","","","","22.8","","","","19.7","23.7","","","","","30","","","27.3046339665663","34.6575872759921","39","41.0352540731378","42.5873394312012","","45.1776726212504","51.5294914565342","43","","",
"Ukraine","UKR","Contraceptive prevalence, any method (% of married women ages 15-49)","SP.DYN.CONU.ZS","","","","","","","","","","","","","","","","","","","","","","","","","","","","","","","","","","","","","","","","67.5","71.6","","","","","65.55021693","","66.7","","","","","65.4588684","","","","","","","","","","","","",
"Upper middle income","UMC","Contraceptive prevalence, any method (% of married women ages 15-49)","SP.DYN.CONU.ZS","","","","","","","","","","","","","","","","","","","","","","","","","","","","","","","","","","","","","","","","","78.2062139670923","","","","","","","","","","","","","","","","","","","","","","","","",
"Uruguay","URY","Contraceptive prevalence, any method (% of married women ages 15-49)","SP.DYN.CONU.ZS","","","","","","","","","","","","","","","","","","","","","","","","","","","83","","","","","","","","","","","","","","","","","","77","","","","","","","","","","","","","","","","","","","","",
"United States","USA","Contraceptive prevalence, any method (% of married women ages 15-49)","SP.DYN.CONU.ZS","","","","","","66.5","","","","","67.5999999999999","","","69.5999999999999","","79","67.7","","","","","","69.7","","","","","","74.3","","70.7","","","","","76.4","","","","","","","72.8342714694516","","","","","","77.1078369349927","","76.422420421344","","","","","72.7002750253318","","75.9371810574748","","73.9","","","","","",
"Uzbekistan","UZB","Contraceptive prevalence, any method (% of married women ages 15-49)","SP.DYN.CONU.ZS","","","","","","","","","","","","","","","","","","","","","","","","","","","","","","","","","","","","","55.6","","","","67.23019461","","67.7","","","","64.925064","","","","","","","","","","","","","","","","58.8","","",
"St. Vincent and the Grenadines","VCT","Contraceptive prevalence, any method (% of married women ages 15-49)","SP.DYN.CONU.ZS","","","","","","","","","","","","","","","","","","","","","","55.5","","","","","","","58.3","","","","","","","","","","","","","","","","","","","","","","","","","","","","","","","","","","","","",
"Venezuela, RB","VEN","Contraceptive prevalence, any method (% of married women ages 15-49)","SP.DYN.CONU.ZS","","","","","","","","","","","","","","","","","","50","","","","","","","","","","","","","","","","58","","","","","70.3","","","","","","","","","","","","74.99124749","","","","","","","","","","","","","","",
"British Virgin Islands","VGB","Contraceptive prevalence, any method (% of married women ages 15-49)","SP.DYN.CONU.ZS","","","","","","","","","","","","","","","","","","","","","","","","","","","","","","","","","","","","","","","","","","","","","","","","","","","","","","","","","","","","","","","","","",
"Virgin Islands (U.S.)","VIR","Contraceptive prevalence, any method (% of married women ages 15-49)","SP.DYN.CONU.ZS","","","","","","","","","","","","","","","","","","","","","","","","","","","","","","","","","","","","","","","","","","","","","","","","","","","","","","","","","","","","","","","","","",
"Viet Nam","VNM","Contraceptive prevalence, any method (% of married women ages 15-49)","SP.DYN.CONU.ZS","","","","","","","","","","","","","","","","","","","","","","","","","","","","","53.18","","","","","","65","","","75.3","71.9","","74.15326487","73.9","78.5","75","75.7","","75.73010753","79.0183280884182","79.4278956072217","","78.0037953916874","77.77496861","76.2093555609056","77.1983805512","75.71918391","75.6846235027929","77.6","76.4","76.4851394258311","","","72.8","","","",
"Vanuatu","VUT","Contraceptive prevalence, any method (% of married women ages 15-49)","SP.DYN.CONU.ZS","","","","","","","","","","","","","","","","","","","","","","","","","24.4","","","","","","","","","","","","","","","","","","","","","","","","38.42833538","","","","","49","","","","","","","","","","","",
"World","WLD","Contraceptive prevalence, any method (% of married women ages 15-49)","SP.DYN.CONU.ZS","","","","","","","","","","","","","","","","","","","","","","","","","","","","","","","","","","","","","","","","","60.479441418473","","","","","","","","","","55.8835345186883","","","","","","","","","","","","","","",
"Samoa","WSM","Contraceptive prevalence, any method (% of married women ages 15-49)","SP.DYN.CONU.ZS","","","","","","","","","","","","","","","","","","","","","","","","","","","","","","","","","","","","","","","","","","","","","","","","","","28.7","","","","","26.9","","","","","","16.5858639953807","","","","",
"Kosovo","XKX","Contraceptive prevalence, any method (% of married women ages 15-49)","SP.DYN.CONU.ZS","","","","","","","","","","","","","","","","","","","","","","","","","","","","","","","","","","","","","","","","","","","","","","","","","","","","","","","65.8","","","","","","66.7","","","","",
"Yemen, Rep.","YEM","Contraceptive prevalence, any method (% of married women ages 15-49)","SP.DYN.CONU.ZS","","","","","","","","","","","","","","","","","","","","1.7","","","","","","","","","","","","","9.7","","","","","20.8","","","","","","23.1","","","27.65290972","","","","","","","33.5","","","","","","","","","","","",
"South Africa","ZAF","Contraceptive prevalence, any method (% of married women ages 15-49)","SP.DYN.CONU.ZS","","","","","","","","","","","","","","","","","","","","","","","","","","","","","","49.7","","","","","","","","","56.3","","","","","59.9","","","","","","","","","","","","","54.6","","","","","","","","",
"Zambia","ZMB","Contraceptive prevalence, any method (% of married women ages 15-49)","SP.DYN.CONU.ZS","","","","","","","","","","","","","","","","","","","","","","","","","","","","","","","","","15.2","","","","25.9","","","22.14169929","","","34.2","","","","","40.8","","","","","","","49","","","","49.6","","","","","","",
"Zimbabwe","ZWE","Contraceptive prevalence, any method (% of married women ages 15-49)","SP.DYN.CONU.ZS","","","","","","","","","","","","","","","","","","","","","","","","","38.4","","","","43.1","","","","","","48.1","","","","","53.5","","","","","","","60.2","","","64.94911304","","58.5","","","66.97054601","66.8","","","","","","","","","",
